[{"model": "admin.logentry", "pk": 1, "fields": {"action_time": "2025-03-04T16:46:10.172Z", "user": 1, "content_type": 9, "object_id": "1", "object_repr": "COMP3011, Web", "action_flag": 1, "change_message": "[{\"added\": {}}]"}}, {"model": "admin.logentry", "pk": 2, "fields": {"action_time": "2025-03-04T16:46:17.539Z", "user": 1, "content_type": 9, "object_id": "2", "object_repr": "COMP3221, Parallel Computation", "action_flag": 1, "change_message": "[{\"added\": {}}]"}}, {"model": "admin.logentry", "pk": 3, "fields": {"action_time": "2025-03-04T16:46:24.587Z", "user": 1, "content_type": 9, "object_id": "3", "object_repr": "COMP3910, Combinatorics", "action_flag": 1, "change_message": "[{\"added\": {}}]"}}, {"model": "admin.logentry", "pk": 4, "fields": {"action_time": "2025-03-04T16:46:34.420Z", "user": 1, "content_type": 9, "object_id": "4", "object_repr": "COMP3111, Cloud", "action_flag": 1, "change_message": "[{\"added\": {}}]"}}, {"model": "admin.logentry", "pk": 5, "fields": {"action_time": "2025-03-04T16:46:42.245Z", "user": 1, "content_type": 9, "object_id": "5", "object_repr": "COMP2543, Maths", "action_flag": 1, "change_message": "[{\"added\": {}}]"}}, {"model": "admin.logentry", "pk": 6, "fields": {"action_time": "2025-03-04T16:46:59.575Z", "user": 1, "content_type": 10, "object_id": "1", "object_repr": "JM1, James May", "action_flag": 1, "change_message": "[{\"added\": {}}]"}}, {"model": "admin.logentry", "pk": 7, "fields": {"action_time": "2025-03-04T16:47:08.877Z", "user": 1, "content_type": 10, "object_id": "2", "object_repr": "WS1, Will Smith", "action_flag": 1, "change_message": "[{\"added\": {}}]"}}, {"model": "admin.logentry", "pk": 8, "fields": {"action_time": "2025-03-04T16:47:15.192Z", "user": 1, "content_type": 10, "object_id": "3", "object_repr": "EW1, Emma Watson", "action_flag": 1, "change_message": "[{\"added\": {}}]"}}, {"model": "admin.logentry", "pk": 9, "fields": {"action_time": "2025-03-04T16:47:28.219Z", "user": 1, "content_type": 10, "object_id": "4", "object_repr": "BP1, Brad Pitt", "action_flag": 1, "change_message": "[{\"added\": {}}]"}}, {"model": "admin.logentry", "pk": 10, "fields": {"action_time": "2025-03-04T16:47:42.623Z", "user": 1, "content_type": 10, "object_id": "5", "object_repr": "JB1, Justin Bieber", "action_flag": 1, "change_message": "[{\"added\": {}}]"}}, {"model": "admin.logentry", "pk": 11, "fields": {"action_time": "2025-03-04T16:47:57.634Z", "user": 1, "content_type": 10, "object_id": "6", "object_repr": "JB2, James Bond", "action_flag": 1, "change_message": "[{\"added\": {}}]"}}, {"model": "admin.logentry", "pk": 12, "fields": {"action_time": "2025-03-04T16:48:13.142Z", "user": 1, "content_type": 11, "object_id": "1", "object_repr": "Web (2023 - Semester 2)", "action_flag": 1, "change_message": "[{\"added\": {}}]"}}, {"model": "admin.logentry", "pk": 13, "fields": {"action_time": "2025-03-04T16:48:17.396Z", "user": 1, "content_type": 11, "object_id": "2", "object_repr": "Web (2024 - Semester 1)", "action_flag": 1, "change_message": "[{\"added\": {}}]"}}, {"model": "admin.logentry", "pk": 14, "fields": {"action_time": "2025-03-04T16:48:30.651Z", "user": 1, "content_type": 11, "object_id": "3", "object_repr": "Web (2025 - Semester 2)", "action_flag": 1, "change_message": "[{\"added\": {}}]"}}, {"model": "admin.logentry", "pk": 15, "fields": {"action_time": "2025-03-04T16:48:35.870Z", "user": 1, "content_type": 11, "object_id": "4", "object_repr": "Parallel Computation (2024 - Semester 2)", "action_flag": 1, "change_message": "[{\"added\": {}}]"}}, {"model": "admin.logentry", "pk": 16, "fields": {"action_time": "2025-03-04T16:48:44.226Z", "user": 1, "content_type": 11, "object_id": "5", "object_repr": "Parallel Computation (2025 - Semester 2)", "action_flag": 1, "change_message": "[{\"added\": {}}]"}}, {"model": "admin.logentry", "pk": 17, "fields": {"action_time": "2025-03-04T16:48:51.228Z", "user": 1, "content_type": 11, "object_id": "6", "object_repr": "Combinatorics (2025 - Semester 2)", "action_flag": 1, "change_message": "[{\"added\": {}}]"}}, {"model": "admin.logentry", "pk": 18, "fields": {"action_time": "2025-03-04T16:48:56.315Z", "user": 1, "content_type": 11, "object_id": "7", "object_repr": "Cloud (2024 - Semester 1)", "action_flag": 1, "change_message": "[{\"added\": {}}]"}}, {"model": "admin.logentry", "pk": 19, "fields": {"action_time": "2025-03-04T16:49:02.920Z", "user": 1, "content_type": 11, "object_id": "8", "object_repr": "Cloud (2025 - Semester 1)", "action_flag": 1, "change_message": "[{\"added\": {}}]"}}, {"model": "admin.logentry", "pk": 20, "fields": {"action_time": "2025-03-04T16:49:07.795Z", "user": 1, "content_type": 11, "object_id": "9", "object_repr": "Maths (2023 - Semester 1)", "action_flag": 1, "change_message": "[{\"added\": {}}]"}}, {"model": "admin.logentry", "pk": 21, "fields": {"action_time": "2025-03-04T16:49:45.549Z", "user": 1, "content_type": 12, "object_id": "1", "object_repr": "James May teaches Web (2023 - Semester 2)", "action_flag": 1, "change_message": "[{\"added\": {}}]"}}, {"model": "admin.logentry", "pk": 22, "fields": {"action_time": "2025-03-04T16:49:49.569Z", "user": 1, "content_type": 12, "object_id": "2", "object_repr": "James May teaches Web (2024 - Semester 1)", "action_flag": 1, "change_message": "[{\"added\": {}}]"}}, {"model": "admin.logentry", "pk": 23, "fields": {"action_time": "2025-03-04T16:49:52.992Z", "user": 1, "content_type": 12, "object_id": "3", "object_repr": "James May teaches Web (2025 - Semester 2)", "action_flag": 1, "change_message": "[{\"added\": {}}]"}}, {"model": "admin.logentry", "pk": 24, "fields": {"action_time": "2025-03-04T16:49:57.915Z", "user": 1, "content_type": 12, "object_id": "4", "object_repr": "Emma Watson teaches Web (2023 - Semester 2)", "action_flag": 1, "change_message": "[{\"added\": {}}]"}}, {"model": "admin.logentry", "pk": 25, "fields": {"action_time": "2025-03-04T16:50:01.253Z", "user": 1, "content_type": 12, "object_id": "5", "object_repr": "Emma Watson teaches Web (2024 - Semester 1)", "action_flag": 1, "change_message": "[{\"added\": {}}]"}}, {"model": "admin.logentry", "pk": 26, "fields": {"action_time": "2025-03-04T16:50:06.870Z", "user": 1, "content_type": 12, "object_id": "6", "object_repr": "Will Smith teaches Parallel Computation (2024 - Semester 2)", "action_flag": 1, "change_message": "[{\"added\": {}}]"}}, {"model": "admin.logentry", "pk": 27, "fields": {"action_time": "2025-03-04T16:50:12.306Z", "user": 1, "content_type": 12, "object_id": "7", "object_repr": "Will Smith teaches Parallel Computation (2025 - Semester 2)", "action_flag": 1, "change_message": "[{\"added\": {}}]"}}, {"model": "admin.logentry", "pk": 28, "fields": {"action_time": "2025-03-04T16:50:19.380Z", "user": 1, "content_type": 12, "object_id": "8", "object_repr": "Emma Watson teaches Combinatorics (2025 - Semester 2)", "action_flag": 1, "change_message": "[{\"added\": {}}]"}}, {"model": "admin.logentry", "pk": 29, "fields": {"action_time": "2025-03-04T16:50:23.074Z", "user": 1, "content_type": 12, "object_id": "9", "object_repr": "Brad Pitt teaches Cloud (2024 - Semester 1)", "action_flag": 1, "change_message": "[{\"added\": {}}]"}}, {"model": "admin.logentry", "pk": 30, "fields": {"action_time": "2025-03-04T16:50:27.053Z", "user": 1, "content_type": 12, "object_id": "10", "object_repr": "Brad Pitt teaches Cloud (2025 - Semester 1)", "action_flag": 1, "change_message": "[{\"added\": {}}]"}}, {"model": "admin.logentry", "pk": 31, "fields": {"action_time": "2025-03-04T16:50:30.558Z", "user": 1, "content_type": 12, "object_id": "11", "object_repr": "Justin Bieber teaches Maths (2023 - Semester 1)", "action_flag": 1, "change_message": "[{\"added\": {}}]"}}, {"model": "admin.logentry", "pk": 32, "fields": {"action_time": "2025-03-04T16:50:35.355Z", "user": 1, "content_type": 12, "object_id": "12", "object_repr": "Justin Bieber teaches Parallel Computation (2025 - Semester 2)", "action_flag": 1, "change_message": "[{\"added\": {}}]"}}, {"model": "admin.logentry", "pk": 33, "fields": {"action_time": "2025-03-04T16:50:40.739Z", "user": 1, "content_type": 12, "object_id": "13", "object_repr": "James Bond teaches Cloud (2024 - Semester 1)", "action_flag": 1, "change_message": "[{\"added\": {}}]"}}, {"model": "admin.logentry", "pk": 34, "fields": {"action_time": "2025-03-04T16:50:45.519Z", "user": 1, "content_type": 12, "object_id": "14", "object_repr": "James Bond teaches Cloud (2025 - Semester 1)", "action_flag": 1, "change_message": "[{\"added\": {}}]"}}, {"model": "admin.logentry", "pk": 35, "fields": {"action_time": "2025-03-04T16:54:22.615Z", "user": 1, "content_type": 10, "object_id": "7", "object_repr": "JS1, John Smith", "action_flag": 1, "change_message": "[{\"added\": {}}]"}}, {"model": "admin.logentry", "pk": 36, "fields": {"action_time": "2025-03-04T16:54:28.609Z", "user": 1, "content_type": 10, "object_id": "8", "object_repr": "JS2, John Smith", "action_flag": 1, "change_message": "[{\"added\": {}}]"}}, {"model": "admin.logentry", "pk": 37, "fields": {"action_time": "2025-03-04T16:55:03.764Z", "user": 1, "content_type": 12, "object_id": "5", "object_repr": "Emma Watson teaches Web (2024 - Semester 1)", "action_flag": 3, "change_message": ""}}, {"model": "admin.logentry", "pk": 38, "fields": {"action_time": "2025-03-04T16:55:03.765Z", "user": 1, "content_type": 12, "object_id": "4", "object_repr": "Emma Watson teaches Web (2023 - Semester 2)", "action_flag": 3, "change_message": ""}}, {"model": "admin.logentry", "pk": 39, "fields": {"action_time": "2025-03-04T16:55:12.238Z", "user": 1, "content_type": 12, "object_id": "15", "object_repr": "John Smith teaches Web (2023 - Semester 2)", "action_flag": 1, "change_message": "[{\"added\": {}}]"}}, {"model": "admin.logentry", "pk": 40, "fields": {"action_time": "2025-03-04T16:55:18.049Z", "user": 1, "content_type": 12, "object_id": "16", "object_repr": "John Smith teaches Web (2024 - Semester 1)", "action_flag": 1, "change_message": "[{\"added\": {}}]"}}, {"model": "admin.logentry", "pk": 41, "fields": {"action_time": "2025-03-04T16:59:30.362Z", "user": 1, "content_type": 9, "object_id": "1", "object_repr": "COMP3011, Web Services", "action_flag": 2, "change_message": "[{\"changed\": {\"fields\": [\"Name\"]}}]"}}, {"model": "admin.logentry", "pk": 42, "fields": {"action_time": "2025-03-04T17:04:03.097Z", "user": 1, "content_type": 13, "object_id": "1", "object_repr": "test1 rated James May 4 stars", "action_flag": 1, "change_message": "[{\"added\": {}}]"}}, {"model": "admin.logentry", "pk": 43, "fields": {"action_time": "2025-03-04T17:05:38.218Z", "user": 1, "content_type": 13, "object_id": "1", "object_repr": "test1 rated James May 4 stars", "action_flag": 3, "change_message": ""}}, {"model": "admin.logentry", "pk": 44, "fields": {"action_time": "2025-03-04T17:05:46.278Z", "user": 1, "content_type": 13, "object_id": "2", "object_repr": "test1 rated James May 2 stars", "action_flag": 1, "change_message": "[{\"added\": {}}]"}}, {"model": "admin.logentry", "pk": 45, "fields": {"action_time": "2025-03-04T17:16:33.188Z", "user": 1, "content_type": 13, "object_id": "5", "object_repr": "joshuagraham rated James May 5 stars", "action_flag": 1, "change_message": "[{\"added\": {}}]"}}, {"model": "auth.permission", "pk": 1, "fields": {"name": "Can add log entry", "content_type": 1, "codename": "add_logentry"}}, {"model": "auth.permission", "pk": 2, "fields": {"name": "Can change log entry", "content_type": 1, "codename": "change_logentry"}}, {"model": "auth.permission", "pk": 3, "fields": {"name": "Can delete log entry", "content_type": 1, "codename": "delete_logentry"}}, {"model": "auth.permission", "pk": 4, "fields": {"name": "Can view log entry", "content_type": 1, "codename": "view_logentry"}}, {"model": "auth.permission", "pk": 5, "fields": {"name": "Can add permission", "content_type": 2, "codename": "add_permission"}}, {"model": "auth.permission", "pk": 6, "fields": {"name": "Can change permission", "content_type": 2, "codename": "change_permission"}}, {"model": "auth.permission", "pk": 7, "fields": {"name": "Can delete permission", "content_type": 2, "codename": "delete_permission"}}, {"model": "auth.permission", "pk": 8, "fields": {"name": "Can view permission", "content_type": 2, "codename": "view_permission"}}, {"model": "auth.permission", "pk": 9, "fields": {"name": "Can add group", "content_type": 3, "codename": "add_group"}}, {"model": "auth.permission", "pk": 10, "fields": {"name": "Can change group", "content_type": 3, "codename": "change_group"}}, {"model": "auth.permission", "pk": 11, "fields": {"name": "Can delete group", "content_type": 3, "codename": "delete_group"}}, {"model": "auth.permission", "pk": 12, "fields": {"name": "Can view group", "content_type": 3, "codename": "view_group"}}, {"model": "auth.permission", "pk": 13, "fields": {"name": "Can add user", "content_type": 4, "codename": "add_user"}}, {"model": "auth.permission", "pk": 14, "fields": {"name": "Can change user", "content_type": 4, "codename": "change_user"}}, {"model": "auth.permission", "pk": 15, "fields": {"name": "Can delete user", "content_type": 4, "codename": "delete_user"}}, {"model": "auth.permission", "pk": 16, "fields": {"name": "Can view user", "content_type": 4, "codename": "view_user"}}, {"model": "auth.permission", "pk": 17, "fields": {"name": "Can add content type", "content_type": 5, "codename": "add_contenttype"}}, {"model": "auth.permission", "pk": 18, "fields": {"name": "Can change content type", "content_type": 5, "codename": "change_contenttype"}}, {"model": "auth.permission", "pk": 19, "fields": {"name": "Can delete content type", "content_type": 5, "codename": "delete_contenttype"}}, {"model": "auth.permission", "pk": 20, "fields": {"name": "Can view content type", "content_type": 5, "codename": "view_contenttype"}}, {"model": "auth.permission", "pk": 21, "fields": {"name": "Can add session", "content_type": 6, "codename": "add_session"}}, {"model": "auth.permission", "pk": 22, "fields": {"name": "Can change session", "content_type": 6, "codename": "change_session"}}, {"model": "auth.permission", "pk": 23, "fields": {"name": "Can delete session", "content_type": 6, "codename": "delete_session"}}, {"model": "auth.permission", "pk": 24, "fields": {"name": "Can view session", "content_type": 6, "codename": "view_session"}}, {"model": "auth.permission", "pk": 25, "fields": {"name": "Can add Token", "content_type": 7, "codename": "add_token"}}, {"model": "auth.permission", "pk": 26, "fields": {"name": "Can change Token", "content_type": 7, "codename": "change_token"}}, {"model": "auth.permission", "pk": 27, "fields": {"name": "Can delete Token", "content_type": 7, "codename": "delete_token"}}, {"model": "auth.permission", "pk": 28, "fields": {"name": "Can view Token", "content_type": 7, "codename": "view_token"}}, {"model": "auth.permission", "pk": 29, "fields": {"name": "Can add Token", "content_type": 8, "codename": "add_tokenproxy"}}, {"model": "auth.permission", "pk": 30, "fields": {"name": "Can change Token", "content_type": 8, "codename": "change_tokenproxy"}}, {"model": "auth.permission", "pk": 31, "fields": {"name": "Can delete Token", "content_type": 8, "codename": "delete_tokenproxy"}}, {"model": "auth.permission", "pk": 32, "fields": {"name": "Can view Token", "content_type": 8, "codename": "view_tokenproxy"}}, {"model": "auth.permission", "pk": 33, "fields": {"name": "Can add module", "content_type": 9, "codename": "add_module"}}, {"model": "auth.permission", "pk": 34, "fields": {"name": "Can change module", "content_type": 9, "codename": "change_module"}}, {"model": "auth.permission", "pk": 35, "fields": {"name": "Can delete module", "content_type": 9, "codename": "delete_module"}}, {"model": "auth.permission", "pk": 36, "fields": {"name": "Can view module", "content_type": 9, "codename": "view_module"}}, {"model": "auth.permission", "pk": 37, "fields": {"name": "Can add professor", "content_type": 10, "codename": "add_professor"}}, {"model": "auth.permission", "pk": 38, "fields": {"name": "Can change professor", "content_type": 10, "codename": "change_professor"}}, {"model": "auth.permission", "pk": 39, "fields": {"name": "Can delete professor", "content_type": 10, "codename": "delete_professor"}}, {"model": "auth.permission", "pk": 40, "fields": {"name": "Can view professor", "content_type": 10, "codename": "view_professor"}}, {"model": "auth.permission", "pk": 41, "fields": {"name": "Can add module instance", "content_type": 11, "codename": "add_moduleinstance"}}, {"model": "auth.permission", "pk": 42, "fields": {"name": "Can change module instance", "content_type": 11, "codename": "change_moduleinstance"}}, {"model": "auth.permission", "pk": 43, "fields": {"name": "Can delete module instance", "content_type": 11, "codename": "delete_moduleinstance"}}, {"model": "auth.permission", "pk": 44, "fields": {"name": "Can view module instance", "content_type": 11, "codename": "view_moduleinstance"}}, {"model": "auth.permission", "pk": 45, "fields": {"name": "Can add professor module", "content_type": 12, "codename": "add_professormodule"}}, {"model": "auth.permission", "pk": 46, "fields": {"name": "Can change professor module", "content_type": 12, "codename": "change_professormodule"}}, {"model": "auth.permission", "pk": 47, "fields": {"name": "Can delete professor module", "content_type": 12, "codename": "delete_professormodule"}}, {"model": "auth.permission", "pk": 48, "fields": {"name": "Can view professor module", "content_type": 12, "codename": "view_professormodule"}}, {"model": "auth.permission", "pk": 49, "fields": {"name": "Can add rating", "content_type": 13, "codename": "add_rating"}}, {"model": "auth.permission", "pk": 50, "fields": {"name": "Can change rating", "content_type": 13, "codename": "change_rating"}}, {"model": "auth.permission", "pk": 51, "fields": {"name": "Can delete rating", "content_type": 13, "codename": "delete_rating"}}, {"model": "auth.permission", "pk": 52, "fields": {"name": "Can view rating", "content_type": 13, "codename": "view_rating"}}, {"model": "auth.user", "pk": 1, "fields": {"password": "pbkdf2_sha256$870000$SkBDKtE1UxHvcID4xNIxGm$+/H3faHxigK4913xeR/RWW06I54dsmQXjyF5u0l4PAc=", "last_login": "2025-03-04T16:41:11.958Z", "is_superuser": true, "username": "joshuagraham", "first_name": "", "last_name": "", "email": "joshuajgraham002@gmail.com", "is_staff": true, "is_active": true, "date_joined": "2025-03-04T16:40:52.148Z", "groups": [], "user_permissions": []}}, {"model": "auth.user", "pk": 2, "fields": {"password": "pbkdf2_sha256$870000$ZIX3364sxCnez6r2V35dNt$c2I4TKNhnPiiGKjj/iGHi3yGKX57PkRK7PHWy2VkOZI=", "last_login": null, "is_superuser": false, "username": "test1", "first_name": "", "last_name": "", "email": "test@1.com", "is_staff": false, "is_active": true, "date_joined": "2025-03-04T16:51:36.917Z", "groups": [], "user_permissions": []}}, {"model": "contenttypes.contenttype", "pk": 1, "fields": {"app_label": "admin", "model": "logentry"}}, {"model": "contenttypes.contenttype", "pk": 2, "fields": {"app_label": "auth", "model": "permission"}}, {"model": "contenttypes.contenttype", "pk": 3, "fields": {"app_label": "auth", "model": "group"}}, {"model": "contenttypes.contenttype", "pk": 4, "fields": {"app_label": "auth", "model": "user"}}, {"model": "contenttypes.contenttype", "pk": 5, "fields": {"app_label": "contenttypes", "model": "contenttype"}}, {"model": "contenttypes.contenttype", "pk": 6, "fields": {"app_label": "sessions", "model": "session"}}, {"model": "contenttypes.contenttype", "pk": 7, "fields": {"app_label": "authtoken", "model": "token"}}, {"model": "contenttypes.contenttype", "pk": 8, "fields": {"app_label": "authtoken", "model": "tokenproxy"}}, {"model": "contenttypes.contenttype", "pk": 9, "fields": {"app_label": "ratings", "model": "module"}}, {"model": "contenttypes.contenttype", "pk": 10, "fields": {"app_label": "ratings", "model": "professor"}}, {"model": "contenttypes.contenttype", "pk": 11, "fields": {"app_label": "ratings", "model": "moduleinstance"}}, {"model": "contenttypes.contenttype", "pk": 12, "fields": {"app_label": "ratings", "model": "professormodule"}}, {"model": "contenttypes.contenttype", "pk": 13, "fields": {"app_label": "ratings", "model": "rating"}}, {"model": "sessions.session", "pk": "1dfd3wm108qktlmpifgya3wpbfzlteht", "fields": {"session_data": ".eJxVjMsOwiAQRf-FtSEDzAhx6d5vIDwGqRpISrtq_Hdt0oVu7znnbsKHdal-HTz7KYuLUOL0u8WQntx2kB-h3btMvS3zFOWuyIMOeeuZX9fD_TuoYdRvDQBKk0PrrKVU2FAEZTDkfCZQTgORLoTKBeMsG42FC2eXLGpAa1C8P5__Nks:1tpVKR:riKeGtNZJhMqIHWIgFrs2dbpmPIeE4A7LN3mAM3ddec", "expire_date": "2025-03-18T16:41:11.959Z"}}, {"model": "authtoken.token", "pk": "120c025ef179950238fc3452b77497b284ed0121", "fields": {"user": 1, "created": "2025-03-04T16:45:18.612Z"}}, {"model": "authtoken.token", "pk": "d78de6bcd5fd111a48cf505ba789e6f56b089780", "fields": {"user": 2, "created": "2025-03-04T17:15:24.156Z"}}, {"model": "ratings.professor", "pk": 1, "fields": {"professor_id": "JM1", "name": "James May"}}, {"model": "ratings.professor", "pk": 2, "fields": {"professor_id": "WS1", "name": "Will Smith"}}, {"model": "ratings.professor", "pk": 3, "fields": {"professor_id": "EW1", "name": "Emma Watson"}}, {"model": "ratings.professor", "pk": 4, "fields": {"professor_id": "BP1", "name": "Brad Pitt"}}, {"model": "ratings.professor", "pk": 5, "fields": {"professor_id": "JB1", "name": "Justin Bieber"}}, {"model": "ratings.professor", "pk": 6, "fields": {"professor_id": "JB2", "name": "James Bond"}}, {"model": "ratings.professor", "pk": 7, "fields": {"professor_id": "JS1", "name": "John Smith"}}, {"model": "ratings.professor", "pk": 8, "fields": {"professor_id": "JS2", "name": "John Smith"}}, {"model": "ratings.module", "pk": 1, "fields": {"module_code": "COMP3011", "name": "Web Services"}}, {"model": "ratings.module", "pk": 2, "fields": {"module_code": "COMP3221", "name": "Parallel Computation"}}, {"model": "ratings.module", "pk": 3, "fields": {"module_code": "COMP3910", "name": "Combinatorics"}}, {"model": "ratings.module", "pk": 4, "fields": {"module_code": "COMP3111", "name": "Cloud"}}, {"model": "ratings.module", "pk": 5, "fields": {"module_code": "COMP2543", "name": "Maths"}}, {"model": "ratings.moduleinstance", "pk": 1, "fields": {"module": 1, "year": 2023, "semester": 2}}, {"model": "ratings.moduleinstance", "pk": 2, "fields": {"module": 1, "year": 2024, "semester": 1}}, {"model": "ratings.moduleinstance", "pk": 3, "fields": {"module": 1, "year": 2025, "semester": 2}}, {"model": "ratings.moduleinstance", "pk": 4, "fields": {"module": 2, "year": 2024, "semester": 2}}, {"model": "ratings.moduleinstance", "pk": 5, "fields": {"module": 2, "year": 2025, "semester": 2}}, {"model": "ratings.moduleinstance", "pk": 6, "fields": {"module": 3, "year": 2025, "semester": 2}}, {"model": "ratings.moduleinstance", "pk": 7, "fields": {"module": 4, "year": 2024, "semester": 1}}, {"model": "ratings.moduleinstance", "pk": 8, "fields": {"module": 4, "year": 2025, "semester": 1}}, {"model": "ratings.moduleinstance", "pk": 9, "fields": {"module": 5, "year": 2023, "semester": 1}}, {"model": "ratings.professormodule", "pk": 1, "fields": {"professor": 1, "module_instance": 1}}, {"model": "ratings.professormodule", "pk": 2, "fields": {"professor": 1, "module_instance": 2}}, {"model": "ratings.professormodule", "pk": 3, "fields": {"professor": 1, "module_instance": 3}}, {"model": "ratings.professormodule", "pk": 6, "fields": {"professor": 2, "module_instance": 4}}, {"model": "ratings.professormodule", "pk": 7, "fields": {"professor": 2, "module_instance": 5}}, {"model": "ratings.professormodule", "pk": 8, "fields": {"professor": 3, "module_instance": 6}}, {"model": "ratings.professormodule", "pk": 9, "fields": {"professor": 4, "module_instance": 7}}, {"model": "ratings.professormodule", "pk": 10, "fields": {"professor": 4, "module_instance": 8}}, {"model": "ratings.professormodule", "pk": 11, "fields": {"professor": 5, "module_instance": 9}}, {"model": "ratings.professormodule", "pk": 12, "fields": {"professor": 5, "module_instance": 5}}, {"model": "ratings.professormodule", "pk": 13, "fields": {"professor": 6, "module_instance": 7}}, {"model": "ratings.professormodule", "pk": 14, "fields": {"professor": 6, "module_instance": 8}}, {"model": "ratings.professormodule", "pk": 15, "fields": {"professor": 7, "module_instance": 1}}, {"model": "ratings.professormodule", "pk": 16, "fields": {"professor": 8, "module_instance": 2}}, {"model": "ratings.rating", "pk": 2, "fields": {"user": 2, "professor": 1, "module_instance": 1, "rating": 2}}, {"model": "ratings.rating", "pk": 3, "fields": {"user": 2, "professor": 1, "module_instance": 3, "rating": 3}}, {"model": "ratings.rating", "pk": 4, "fields": {"user": 2, "professor": 1, "module_instance": 2, "rating": 5}}, {"model": "ratings.rating", "pk": 5, "fields": {"user": 1, "professor": 1, "module_instance": 3, "rating": 5}}]